"Data for weekly deaths (occurrences)1, by Health Board, location and cause, 2020",,,,
,,,,
Week of occurrence,Health Board,Location of death,Cause of Death,deaths
1,Ayrshire and Arran,Care Home,Non-COVID-19,23
1,Ayrshire and Arran,Home / Non-institution,Non-COVID-19,24
1,Ayrshire and Arran,Hospital,Non-COVID-19,48
1,Borders,Care Home,Non-COVID-19,9
1,Borders,Home / Non-institution,Non-COVID-19,6
1,Borders,Hospital,Non-COVID-19,11
1,Borders,Other institution,Non-COVID-19,2
1,Dumfries and Galloway,Care Home,Non-COVID-19,10
1,Dumfries and Galloway,Home / Non-institution,Non-COVID-19,11
1,Dumfries and Galloway,Hospital,Non-COVID-19,23
1,Fife,Care Home,Non-COVID-19,16
1,Fife,Home / Non-institution,Non-COVID-19,24
1,Fife,Hospital,Non-COVID-19,39
1,Forth Valley,Care Home,Non-COVID-19,10
1,Forth Valley,Home / Non-institution,Non-COVID-19,26
1,Forth Valley,Hospital,Non-COVID-19,40
1,Grampian,Care Home,Non-COVID-19,34
1,Grampian,Home / Non-institution,Non-COVID-19,33
1,Grampian,Hospital,Non-COVID-19,50
1,Greater Glasgow and Clyde,Care Home,Non-COVID-19,68
1,Greater Glasgow and Clyde,Home / Non-institution,Non-COVID-19,65
1,Greater Glasgow and Clyde,Hospital,Non-COVID-19,143
1,Greater Glasgow and Clyde,Other institution,Non-COVID-19,1
1,Highland,Care Home,Non-COVID-19,13
1,Highland,Home / Non-institution,Non-COVID-19,26
1,Highland,Hospital,Non-COVID-19,36
1,Lanarkshire,Care Home,Non-COVID-19,33
1,Lanarkshire,Home / Non-institution,Non-COVID-19,52
1,Lanarkshire,Hospital,Non-COVID-19,93
1,Lanarkshire,Other institution,Non-COVID-19,1
1,Lothian,Care Home,Non-COVID-19,47
1,Lothian,Home / Non-institution,Non-COVID-19,41
1,Lothian,Hospital,Non-COVID-19,82
1,Orkney,Home / Non-institution,Non-COVID-19,2
1,Shetland,Care Home,Non-COVID-19,4
1,Shetland,Home / Non-institution,Non-COVID-19,1
1,Shetland,Hospital,Non-COVID-19,2
1,Tayside,Care Home,Non-COVID-19,29
1,Tayside,Home / Non-institution,Non-COVID-19,41
1,Tayside,Hospital,Non-COVID-19,51
1,Tayside,Other institution,Non-COVID-19,2
1,Western Isles,Care Home,Non-COVID-19,6
1,Western Isles,Home / Non-institution,Non-COVID-19,2
1,Western Isles,Hospital,Non-COVID-19,4
2,Ayrshire and Arran,Care Home,Non-COVID-19,27
2,Ayrshire and Arran,Home / Non-institution,Non-COVID-19,27
2,Ayrshire and Arran,Hospital,Non-COVID-19,71
2,Borders,Care Home,Non-COVID-19,8
2,Borders,Home / Non-institution,Non-COVID-19,6
2,Borders,Hospital,Non-COVID-19,17
2,Borders,Other institution,Non-COVID-19,1
2,Dumfries and Galloway,Care Home,Non-COVID-19,5
2,Dumfries and Galloway,Home / Non-institution,Non-COVID-19,10
2,Dumfries and Galloway,Hospital,Non-COVID-19,28
2,Fife,Care Home,Non-COVID-19,16
2,Fife,Home / Non-institution,Non-COVID-19,24
2,Fife,Hospital,Non-COVID-19,47
2,Forth Valley,Care Home,Non-COVID-19,14
2,Forth Valley,Home / Non-institution,Non-COVID-19,20
2,Forth Valley,Hospital,Non-COVID-19,30
2,Grampian,Care Home,Non-COVID-19,25
2,Grampian,Home / Non-institution,Non-COVID-19,44
2,Grampian,Hospital,Non-COVID-19,71
2,Greater Glasgow and Clyde,Care Home,Non-COVID-19,50
2,Greater Glasgow and Clyde,Home / Non-institution,Non-COVID-19,89
2,Greater Glasgow and Clyde,Hospital,Non-COVID-19,134
2,Greater Glasgow and Clyde,Other institution,Non-COVID-19,1
2,Highland,Care Home,Non-COVID-19,30
2,Highland,Home / Non-institution,Non-COVID-19,23
2,Highland,Hospital,Non-COVID-19,39
2,Lanarkshire,Care Home,Non-COVID-19,34
2,Lanarkshire,Home / Non-institution,Non-COVID-19,62
2,Lanarkshire,Hospital,Non-COVID-19,65
2,Lothian,Care Home,Non-COVID-19,53
2,Lothian,Home / Non-institution,Non-COVID-19,42
2,Lothian,Hospital,Non-COVID-19,61
2,Orkney,Care Home,Non-COVID-19,1
2,Orkney,Home / Non-institution,Non-COVID-19,4
2,Shetland,Home / Non-institution,Non-COVID-19,1
2,Shetland,Hospital,Non-COVID-19,1
2,Tayside,Care Home,Non-COVID-19,32
2,Tayside,Home / Non-institution,Non-COVID-19,26
2,Tayside,Hospital,Non-COVID-19,46
2,Western Isles,Home / Non-institution,Non-COVID-19,2
2,Western Isles,Hospital,Non-COVID-19,5
3,Ayrshire and Arran,Care Home,Non-COVID-19,17
3,Ayrshire and Arran,Home / Non-institution,Non-COVID-19,19
3,Ayrshire and Arran,Hospital,Non-COVID-19,52
3,Ayrshire and Arran,Other institution,Non-COVID-19,1
3,Borders,Care Home,Non-COVID-19,8
3,Borders,Home / Non-institution,Non-COVID-19,7
3,Borders,Hospital,Non-COVID-19,16
3,Borders,Other institution,Non-COVID-19,3
3,Dumfries and Galloway,Care Home,Non-COVID-19,5
3,Dumfries and Galloway,Home / Non-institution,Non-COVID-19,10
3,Dumfries and Galloway,Hospital,Non-COVID-19,23
3,Fife,Care Home,Non-COVID-19,17
3,Fife,Home / Non-institution,Non-COVID-19,25
3,Fife,Hospital,Non-COVID-19,40
3,Forth Valley,Care Home,Non-COVID-19,25
3,Forth Valley,Home / Non-institution,Non-COVID-19,11
3,Forth Valley,Hospital,Non-COVID-19,38
3,Grampian,Care Home,Non-COVID-19,22
3,Grampian,Home / Non-institution,Non-COVID-19,19
3,Grampian,Hospital,Non-COVID-19,75
3,Greater Glasgow and Clyde,Care Home,Non-COVID-19,61
3,Greater Glasgow and Clyde,Home / Non-institution,Non-COVID-19,58
3,Greater Glasgow and Clyde,Hospital,Non-COVID-19,123
3,Greater Glasgow and Clyde,Other institution,Non-COVID-19,1
3,Highland,Care Home,Non-COVID-19,16
3,Highland,Home / Non-institution,Non-COVID-19,33
3,Highland,Hospital,Non-COVID-19,40
3,Lanarkshire,Care Home,Non-COVID-19,31
3,Lanarkshire,Home / Non-institution,Non-COVID-19,46
3,Lanarkshire,Hospital,Non-COVID-19,68
3,Lanarkshire,Other institution,Non-COVID-19,2
3,Lothian,Care Home,Non-COVID-19,30
3,Lothian,Home / Non-institution,Non-COVID-19,42
3,Lothian,Hospital,Non-COVID-19,66
3,Orkney,Home / Non-institution,Non-COVID-19,1
3,Shetland,Care Home,Non-COVID-19,2
3,Shetland,Home / Non-institution,Non-COVID-19,1
3,Tayside,Care Home,Non-COVID-19,34
3,Tayside,Home / Non-institution,Non-COVID-19,24
3,Tayside,Hospital,Non-COVID-19,49
3,Western Isles,Care Home,Non-COVID-19,4
3,Western Isles,Home / Non-institution,Non-COVID-19,1
3,Western Isles,Hospital,Non-COVID-19,5
4,Ayrshire and Arran,Care Home,Non-COVID-19,30
4,Ayrshire and Arran,Home / Non-institution,Non-COVID-19,21
4,Ayrshire and Arran,Hospital,Non-COVID-19,55
4,Borders,Care Home,Non-COVID-19,4
4,Borders,Home / Non-institution,Non-COVID-19,2
4,Borders,Hospital,Non-COVID-19,11
4,Borders,Other institution,Non-COVID-19,5
4,Dumfries and Galloway,Care Home,Non-COVID-19,8
4,Dumfries and Galloway,Home / Non-institution,Non-COVID-19,16
4,Dumfries and Galloway,Hospital,Non-COVID-19,16
4,Fife,Care Home,Non-COVID-19,20
4,Fife,Home / Non-institution,Non-COVID-19,18
4,Fife,Hospital,Non-COVID-19,49
4,Forth Valley,Care Home,Non-COVID-19,19
4,Forth Valley,Home / Non-institution,Non-COVID-19,14
4,Forth Valley,Hospital,Non-COVID-19,29
4,Grampian,Care Home,Non-COVID-19,23
4,Grampian,Home / Non-institution,Non-COVID-19,29
4,Grampian,Hospital,Non-COVID-19,63
4,Greater Glasgow and Clyde,Care Home,Non-COVID-19,66
4,Greater Glasgow and Clyde,Home / Non-institution,Non-COVID-19,77
4,Greater Glasgow and Clyde,Hospital,Non-COVID-19,120
4,Highland,Care Home,Non-COVID-19,14
4,Highland,Home / Non-institution,Non-COVID-19,24
4,Highland,Hospital,Non-COVID-19,30
4,Lanarkshire,Care Home,Non-COVID-19,36
4,Lanarkshire,Home / Non-institution,Non-COVID-19,44
4,Lanarkshire,Hospital,Non-COVID-19,90
4,Lothian,Care Home,Non-COVID-19,51
4,Lothian,Home / Non-institution,Non-COVID-19,47
4,Lothian,Hospital,Non-COVID-19,75
4,Orkney,Care Home,Non-COVID-19,1
4,Orkney,Home / Non-institution,Non-COVID-19,3
4,Shetland,Care Home,Non-COVID-19,1
4,Shetland,Home / Non-institution,Non-COVID-19,1
4,Shetland,Hospital,Non-COVID-19,1
4,Tayside,Care Home,Non-COVID-19,29
4,Tayside,Home / Non-institution,Non-COVID-19,27
4,Tayside,Hospital,Non-COVID-19,48
4,Tayside,Other institution,Non-COVID-19,1
4,Western Isles,Care Home,Non-COVID-19,3
4,Western Isles,Home / Non-institution,Non-COVID-19,1
4,Western Isles,Hospital,Non-COVID-19,5
5,Ayrshire and Arran,Care Home,Non-COVID-19,18
5,Ayrshire and Arran,Home / Non-institution,Non-COVID-19,20
5,Ayrshire and Arran,Hospital,Non-COVID-19,44
5,Borders,Care Home,Non-COVID-19,4
5,Borders,Home / Non-institution,Non-COVID-19,2
5,Borders,Hospital,Non-COVID-19,12
5,Borders,Other institution,Non-COVID-19,4
5,Dumfries and Galloway,Care Home,Non-COVID-19,7
5,Dumfries and Galloway,Home / Non-institution,Non-COVID-19,12
5,Dumfries and Galloway,Hospital,Non-COVID-19,18
5,Fife,Care Home,Non-COVID-19,22
5,Fife,Home / Non-institution,Non-COVID-19,20
5,Fife,Hospital,Non-COVID-19,38
5,Forth Valley,Care Home,Non-COVID-19,19
5,Forth Valley,Home / Non-institution,Non-COVID-19,20
5,Forth Valley,Hospital,Non-COVID-19,27
5,Forth Valley,Other institution,Non-COVID-19,1
5,Grampian,Care Home,Non-COVID-19,20
5,Grampian,Home / Non-institution,Non-COVID-19,35
5,Grampian,Hospital,Non-COVID-19,58
5,Grampian,Other institution,Non-COVID-19,1
5,Greater Glasgow and Clyde,Care Home,Non-COVID-19,60
5,Greater Glasgow and Clyde,Home / Non-institution,Non-COVID-19,66
5,Greater Glasgow and Clyde,Hospital,Non-COVID-19,111
5,Highland,Care Home,Non-COVID-19,19
5,Highland,Home / Non-institution,Non-COVID-19,26
5,Highland,Hospital,Non-COVID-19,43
5,Lanarkshire,Care Home,Non-COVID-19,39
5,Lanarkshire,Home / Non-institution,Non-COVID-19,33
5,Lanarkshire,Hospital,Non-COVID-19,77
5,Lanarkshire,Other institution,Non-COVID-19,1
5,Lothian,Care Home,Non-COVID-19,40
5,Lothian,Home / Non-institution,Non-COVID-19,42
5,Lothian,Hospital,Non-COVID-19,89
5,Orkney,Care Home,Non-COVID-19,1
5,Orkney,Home / Non-institution,Non-COVID-19,1
5,Orkney,Hospital,Non-COVID-19,2
5,Shetland,Care Home,Non-COVID-19,1
5,Shetland,Home / Non-institution,Non-COVID-19,2
5,Shetland,Hospital,Non-COVID-19,1
5,Tayside,Care Home,Non-COVID-19,22
5,Tayside,Home / Non-institution,Non-COVID-19,24
5,Tayside,Hospital,Non-COVID-19,59
5,Western Isles,Care Home,Non-COVID-19,3
5,Western Isles,Home / Non-institution,Non-COVID-19,2
5,Western Isles,Hospital,Non-COVID-19,4
6,Ayrshire and Arran,Care Home,Non-COVID-19,19
6,Ayrshire and Arran,Home / Non-institution,Non-COVID-19,26
6,Ayrshire and Arran,Hospital,Non-COVID-19,40
6,Borders,Care Home,Non-COVID-19,3
6,Borders,Home / Non-institution,Non-COVID-19,5
6,Borders,Hospital,Non-COVID-19,18
6,Borders,Other institution,Non-COVID-19,2
6,Dumfries and Galloway,Care Home,Non-COVID-19,4
6,Dumfries and Galloway,Home / Non-institution,Non-COVID-19,13
6,Dumfries and Galloway,Hospital,Non-COVID-19,26
6,Fife,Care Home,Non-COVID-19,17
6,Fife,Home / Non-institution,Non-COVID-19,18
6,Fife,Hospital,Non-COVID-19,50
6,Forth Valley,Care Home,Non-COVID-19,14
6,Forth Valley,Home / Non-institution,Non-COVID-19,19
6,Forth Valley,Hospital,Non-COVID-19,22
6,Grampian,Care Home,Non-COVID-19,25
6,Grampian,Home / Non-institution,Non-COVID-19,30
6,Grampian,Hospital,Non-COVID-19,78
6,Greater Glasgow and Clyde,Care Home,Non-COVID-19,54
6,Greater Glasgow and Clyde,Home / Non-institution,Non-COVID-19,75
6,Greater Glasgow and Clyde,Hospital,Non-COVID-19,121
6,Highland,Care Home,Non-COVID-19,15
6,Highland,Home / Non-institution,Non-COVID-19,22
6,Highland,Hospital,Non-COVID-19,25
6,Lanarkshire,Care Home,Non-COVID-19,42
6,Lanarkshire,Home / Non-institution,Non-COVID-19,39
6,Lanarkshire,Hospital,Non-COVID-19,73
6,Lothian,Care Home,Non-COVID-19,53
6,Lothian,Home / Non-institution,Non-COVID-19,39
6,Lothian,Hospital,Non-COVID-19,85
6,Orkney,Home / Non-institution,Non-COVID-19,3
6,Shetland,Care Home,Non-COVID-19,2
6,Shetland,Home / Non-institution,Non-COVID-19,1
6,Shetland,Hospital,Non-COVID-19,4
6,Tayside,Care Home,Non-COVID-19,25
6,Tayside,Home / Non-institution,Non-COVID-19,24
6,Tayside,Hospital,Non-COVID-19,45
6,Western Isles,Care Home,Non-COVID-19,5
6,Western Isles,Hospital,Non-COVID-19,5
7,Ayrshire and Arran,Care Home,Non-COVID-19,21
7,Ayrshire and Arran,Home / Non-institution,Non-COVID-19,33
7,Ayrshire and Arran,Hospital,Non-COVID-19,50
7,Borders,Care Home,Non-COVID-19,2
7,Borders,Home / Non-institution,Non-COVID-19,10
7,Borders,Hospital,Non-COVID-19,13
7,Borders,Other institution,Non-COVID-19,4
7,Dumfries and Galloway,Care Home,Non-COVID-19,10
7,Dumfries and Galloway,Home / Non-institution,Non-COVID-19,12
7,Dumfries and Galloway,Hospital,Non-COVID-19,29
7,Fife,Care Home,Non-COVID-19,14
7,Fife,Home / Non-institution,Non-COVID-19,26
7,Fife,Hospital,Non-COVID-19,39
7,Forth Valley,Care Home,Non-COVID-19,18
7,Forth Valley,Home / Non-institution,Non-COVID-19,24
7,Forth Valley,Hospital,Non-COVID-19,34
7,Grampian,Care Home,Non-COVID-19,27
7,Grampian,Home / Non-institution,Non-COVID-19,24
7,Grampian,Hospital,Non-COVID-19,58
7,Greater Glasgow and Clyde,Care Home,Non-COVID-19,60
7,Greater Glasgow and Clyde,Home / Non-institution,Non-COVID-19,74
7,Greater Glasgow and Clyde,Hospital,Non-COVID-19,106
7,Greater Glasgow and Clyde,Other institution,Non-COVID-19,1
7,Highland,Care Home,Non-COVID-19,8
7,Highland,Home / Non-institution,Non-COVID-19,18
7,Highland,Hospital,Non-COVID-19,43
7,Lanarkshire,Care Home,Non-COVID-19,27
7,Lanarkshire,Home / Non-institution,Non-COVID-19,60
7,Lanarkshire,Hospital,Non-COVID-19,57
7,Lothian,Care Home,Non-COVID-19,42
7,Lothian,Home / Non-institution,Non-COVID-19,47
7,Lothian,Hospital,Non-COVID-19,76
7,Orkney,Home / Non-institution,Non-COVID-19,3
7,Shetland,Home / Non-institution,Non-COVID-19,1
7,Shetland,Hospital,Non-COVID-19,2
7,Tayside,Care Home,Non-COVID-19,20
7,Tayside,Home / Non-institution,Non-COVID-19,22
7,Tayside,Hospital,Non-COVID-19,47
7,Tayside,Other institution,Non-COVID-19,1
7,Western Isles,Home / Non-institution,Non-COVID-19,2
7,Western Isles,Hospital,Non-COVID-19,4
8,Ayrshire and Arran,Care Home,Non-COVID-19,21
8,Ayrshire and Arran,Home / Non-institution,Non-COVID-19,33
8,Ayrshire and Arran,Hospital,Non-COVID-19,51
8,Borders,Care Home,Non-COVID-19,6
8,Borders,Home / Non-institution,Non-COVID-19,8
8,Borders,Hospital,Non-COVID-19,12
8,Borders,Other institution,Non-COVID-19,3
8,Dumfries and Galloway,Care Home,Non-COVID-19,10
8,Dumfries and Galloway,Home / Non-institution,Non-COVID-19,10
8,Dumfries and Galloway,Hospital,Non-COVID-19,21
8,Fife,Care Home,Non-COVID-19,20
8,Fife,Home / Non-institution,Non-COVID-19,29
8,Fife,Hospital,Non-COVID-19,42
8,Forth Valley,Care Home,Non-COVID-19,18
8,Forth Valley,Home / Non-institution,Non-COVID-19,16
8,Forth Valley,Hospital,Non-COVID-19,23
8,Grampian,Care Home,Non-COVID-19,33
8,Grampian,Home / Non-institution,Non-COVID-19,42
8,Grampian,Hospital,Non-COVID-19,58
8,Greater Glasgow and Clyde,Care Home,Non-COVID-19,60
8,Greater Glasgow and Clyde,Home / Non-institution,Non-COVID-19,67
8,Greater Glasgow and Clyde,Hospital,Non-COVID-19,111
8,Highland,Care Home,Non-COVID-19,9
8,Highland,Home / Non-institution,Non-COVID-19,26
8,Highland,Hospital,Non-COVID-19,27
8,Lanarkshire,Care Home,Non-COVID-19,38
8,Lanarkshire,Home / Non-institution,Non-COVID-19,47
8,Lanarkshire,Hospital,Non-COVID-19,64
8,Lothian,Care Home,Non-COVID-19,36
8,Lothian,Home / Non-institution,Non-COVID-19,46
8,Lothian,Hospital,Non-COVID-19,85
8,Orkney,Care Home,Non-COVID-19,1
8,Orkney,Home / Non-institution,Non-COVID-19,1
8,Shetland,Care Home,Non-COVID-19,1
8,Shetland,Home / Non-institution,Non-COVID-19,1
8,Shetland,Hospital,Non-COVID-19,1
8,Tayside,Care Home,Non-COVID-19,22
8,Tayside,Home / Non-institution,Non-COVID-19,24
8,Tayside,Hospital,Non-COVID-19,51
8,Tayside,Other institution,Non-COVID-19,1
8,Western Isles,Care Home,Non-COVID-19,4
8,Western Isles,Home / Non-institution,Non-COVID-19,1
8,Western Isles,Hospital,Non-COVID-19,4
9,Ayrshire and Arran,Care Home,Non-COVID-19,28
9,Ayrshire and Arran,Home / Non-institution,Non-COVID-19,31
9,Ayrshire and Arran,Hospital,Non-COVID-19,51
9,Borders,Care Home,Non-COVID-19,6
9,Borders,Home / Non-institution,Non-COVID-19,4
9,Borders,Hospital,Non-COVID-19,19
9,Borders,Other institution,Non-COVID-19,4
9,Dumfries and Galloway,Care Home,Non-COVID-19,6
9,Dumfries and Galloway,Home / Non-institution,Non-COVID-19,10
9,Dumfries and Galloway,Hospital,Non-COVID-19,17
9,Fife,Care Home,Non-COVID-19,18
9,Fife,Home / Non-institution,Non-COVID-19,14
9,Fife,Hospital,Non-COVID-19,36
9,Forth Valley,Care Home,Non-COVID-19,21
9,Forth Valley,Home / Non-institution,Non-COVID-19,20
9,Forth Valley,Hospital,Non-COVID-19,35
9,Grampian,Care Home,Non-COVID-19,26
9,Grampian,Home / Non-institution,Non-COVID-19,28
9,Grampian,Hospital,Non-COVID-19,60
9,Greater Glasgow and Clyde,Care Home,Non-COVID-19,72
9,Greater Glasgow and Clyde,Home / Non-institution,Non-COVID-19,83
9,Greater Glasgow and Clyde,Hospital,Non-COVID-19,112
9,Highland,Care Home,Non-COVID-19,12
9,Highland,Home / Non-institution,Non-COVID-19,28
9,Highland,Hospital,Non-COVID-19,38
9,Lanarkshire,Care Home,Non-COVID-19,20
9,Lanarkshire,Home / Non-institution,Non-COVID-19,44
9,Lanarkshire,Hospital,Non-COVID-19,73
9,Lothian,Care Home,Non-COVID-19,48
9,Lothian,Home / Non-institution,Non-COVID-19,46
9,Lothian,Hospital,Non-COVID-19,76
9,Orkney,Home / Non-institution,Non-COVID-19,6
9,Shetland,Home / Non-institution,Non-COVID-19,1
9,Shetland,Hospital,Non-COVID-19,2
9,Tayside,Care Home,Non-COVID-19,19
9,Tayside,Home / Non-institution,Non-COVID-19,29
9,Tayside,Hospital,Non-COVID-19,48
9,Tayside,Other institution,Non-COVID-19,2
9,Western Isles,Care Home,Non-COVID-19,2
9,Western Isles,Home / Non-institution,Non-COVID-19,2
9,Western Isles,Hospital,Non-COVID-19,2
10,Ayrshire and Arran,Care Home,Non-COVID-19,12
10,Ayrshire and Arran,Home / Non-institution,Non-COVID-19,28
10,Ayrshire and Arran,Hospital,Non-COVID-19,54
10,Borders,Care Home,Non-COVID-19,8
10,Borders,Home / Non-institution,Non-COVID-19,8
10,Borders,Hospital,Non-COVID-19,12
10,Borders,Other institution,Non-COVID-19,5
10,Dumfries and Galloway,Care Home,Non-COVID-19,4
10,Dumfries and Galloway,Home / Non-institution,Non-COVID-19,10
10,Dumfries and Galloway,Hospital,Non-COVID-19,20
10,Fife,Care Home,Non-COVID-19,14
10,Fife,Home / Non-institution,Non-COVID-19,27
10,Fife,Hospital,Non-COVID-19,38
10,Forth Valley,Care Home,Non-COVID-19,20
10,Forth Valley,Home / Non-institution,Non-COVID-19,10
10,Forth Valley,Hospital,Non-COVID-19,25
10,Grampian,Care Home,Non-COVID-19,20
10,Grampian,Home / Non-institution,Non-COVID-19,41
10,Grampian,Hospital,Non-COVID-19,54
10,Greater Glasgow and Clyde,Care Home,Non-COVID-19,74
10,Greater Glasgow and Clyde,Home / Non-institution,Non-COVID-19,73
10,Greater Glasgow and Clyde,Hospital,Non-COVID-19,119
10,Highland,Care Home,Non-COVID-19,16
10,Highland,Home / Non-institution,Non-COVID-19,24
10,Highland,Hospital,Non-COVID-19,38
10,Lanarkshire,Care Home,Non-COVID-19,32
10,Lanarkshire,Home / Non-institution,Non-COVID-19,44
10,Lanarkshire,Hospital,Non-COVID-19,76
10,Lanarkshire,Other institution,Non-COVID-19,1
10,Lothian,Care Home,Non-COVID-19,47
10,Lothian,Home / Non-institution,Non-COVID-19,46
10,Lothian,Hospital,Non-COVID-19,75
10,Orkney,Home / Non-institution,Non-COVID-19,5
10,Shetland,Care Home,Non-COVID-19,3
10,Shetland,Home / Non-institution,Non-COVID-19,1
10,Shetland,Hospital,Non-COVID-19,1
10,Tayside,Care Home,Non-COVID-19,17
10,Tayside,Home / Non-institution,Non-COVID-19,28
10,Tayside,Hospital,Non-COVID-19,38
10,Tayside,Other institution,Non-COVID-19,1
10,Western Isles,Care Home,Non-COVID-19,4
10,Western Isles,Home / Non-institution,Non-COVID-19,3
10,Western Isles,Hospital,Non-COVID-19,4
11,Ayrshire and Arran,Care Home,Non-COVID-19,23
11,Ayrshire and Arran,Home / Non-institution,Non-COVID-19,29
11,Ayrshire and Arran,Hospital,Non-COVID-19,50
11,Borders,Care Home,Non-COVID-19,4
11,Borders,Home / Non-institution,Non-COVID-19,9
11,Borders,Hospital,Non-COVID-19,17
11,Dumfries and Galloway,Care Home,Non-COVID-19,7
11,Dumfries and Galloway,Home / Non-institution,Non-COVID-19,17
11,Dumfries and Galloway,Hospital,Non-COVID-19,21
11,Fife,Home / Non-institution,COVID-19,1
11,Fife,Care Home,Non-COVID-19,15
11,Fife,Home / Non-institution,Non-COVID-19,21
11,Fife,Hospital,Non-COVID-19,40
11,Forth Valley,Care Home,Non-COVID-19,17
11,Forth Valley,Home / Non-institution,Non-COVID-19,26
11,Forth Valley,Hospital,Non-COVID-19,29
11,Forth Valley,Other institution,Non-COVID-19,1
11,Grampian,Hospital,COVID-19,1
11,Grampian,Care Home,Non-COVID-19,32
11,Grampian,Home / Non-institution,Non-COVID-19,37
11,Grampian,Hospital,Non-COVID-19,58
11,Greater Glasgow and Clyde,Hospital,COVID-19,2
11,Greater Glasgow and Clyde,Care Home,Non-COVID-19,60
11,Greater Glasgow and Clyde,Home / Non-institution,Non-COVID-19,87
11,Greater Glasgow and Clyde,Hospital,Non-COVID-19,103
11,Greater Glasgow and Clyde,Other institution,Non-COVID-19,2
11,Highland,Care Home,Non-COVID-19,18
11,Highland,Home / Non-institution,Non-COVID-19,25
11,Highland,Hospital,Non-COVID-19,30
11,Lanarkshire,Care Home,Non-COVID-19,24
11,Lanarkshire,Home / Non-institution,Non-COVID-19,51
11,Lanarkshire,Hospital,Non-COVID-19,57
11,Lothian,Hospital,COVID-19,1
11,Lothian,Care Home,Non-COVID-19,33
11,Lothian,Home / Non-institution,Non-COVID-19,41
11,Lothian,Hospital,Non-COVID-19,83
11,Orkney,Care Home,Non-COVID-19,2
11,Orkney,Home / Non-institution,Non-COVID-19,4
11,Orkney,Hospital,Non-COVID-19,1
11,Shetland,Care Home,Non-COVID-19,1
11,Shetland,Home / Non-institution,Non-COVID-19,1
11,Tayside,Care Home,Non-COVID-19,19
11,Tayside,Home / Non-institution,Non-COVID-19,30
11,Tayside,Hospital,Non-COVID-19,54
11,Tayside,Other institution,Non-COVID-19,1
11,Western Isles,Care Home,Non-COVID-19,2
11,Western Isles,Home / Non-institution,Non-COVID-19,3
11,Western Isles,Hospital,Non-COVID-19,3
12,Ayrshire and Arran,Hospital,COVID-19,3
12,Ayrshire and Arran,Care Home,Non-COVID-19,21
12,Ayrshire and Arran,Home / Non-institution,Non-COVID-19,29
12,Ayrshire and Arran,Hospital,Non-COVID-19,46
12,Borders,Care Home,Non-COVID-19,4
12,Borders,Home / Non-institution,Non-COVID-19,8
12,Borders,Hospital,Non-COVID-19,10
12,Borders,Other institution,Non-COVID-19,7
12,Dumfries and Galloway,Care Home,Non-COVID-19,8
12,Dumfries and Galloway,Home / Non-institution,Non-COVID-19,6
12,Dumfries and Galloway,Hospital,Non-COVID-19,16
12,Fife,Home / Non-institution,COVID-19,2
12,Fife,Hospital,COVID-19,2
12,Fife,Care Home,Non-COVID-19,18
12,Fife,Home / Non-institution,Non-COVID-19,25
12,Fife,Hospital,Non-COVID-19,40
12,Forth Valley,Hospital,COVID-19,3
12,Forth Valley,Care Home,Non-COVID-19,14
12,Forth Valley,Home / Non-institution,Non-COVID-19,19
12,Forth Valley,Hospital,Non-COVID-19,27
12,Grampian,Home / Non-institution,COVID-19,1
12,Grampian,Hospital,COVID-19,2
12,Grampian,Care Home,Non-COVID-19,29
12,Grampian,Home / Non-institution,Non-COVID-19,32
12,Grampian,Hospital,Non-COVID-19,63
12,Greater Glasgow and Clyde,Care Home,COVID-19,1
12,Greater Glasgow and Clyde,Hospital,COVID-19,7
12,Greater Glasgow and Clyde,Care Home,Non-COVID-19,73
12,Greater Glasgow and Clyde,Home / Non-institution,Non-COVID-19,73
12,Greater Glasgow and Clyde,Hospital,Non-COVID-19,88
12,Highland,Care Home,COVID-19,1
12,Highland,Care Home,Non-COVID-19,11
12,Highland,Home / Non-institution,Non-COVID-19,30
12,Highland,Hospital,Non-COVID-19,24
12,Lanarkshire,Care Home,COVID-19,1
12,Lanarkshire,Hospital,COVID-19,1
12,Lanarkshire,Care Home,Non-COVID-19,37
12,Lanarkshire,Home / Non-institution,Non-COVID-19,62
12,Lanarkshire,Hospital,Non-COVID-19,76
12,Lanarkshire,Other institution,Non-COVID-19,1
12,Lothian,Hospital,COVID-19,5
12,Lothian,Care Home,Non-COVID-19,47
12,Lothian,Home / Non-institution,Non-COVID-19,52
12,Lothian,Hospital,Non-COVID-19,81
12,Orkney,Care Home,Non-COVID-19,1
12,Orkney,Home / Non-institution,Non-COVID-19,8
12,Shetland,Care Home,Non-COVID-19,3
12,Shetland,Hospital,Non-COVID-19,5
12,Tayside,Care Home,COVID-19,1
12,Tayside,Home / Non-institution,COVID-19,1
12,Tayside,Hospital,COVID-19,1
12,Tayside,Care Home,Non-COVID-19,22
12,Tayside,Home / Non-institution,Non-COVID-19,26
12,Tayside,Hospital,Non-COVID-19,43
12,Tayside,Other institution,Non-COVID-19,1
12,Western Isles,Care Home,Non-COVID-19,2
12,Western Isles,Home / Non-institution,Non-COVID-19,1
13,Ayrshire and Arran,Care Home,COVID-19,1
13,Ayrshire and Arran,Home / Non-institution,COVID-19,5
13,Ayrshire and Arran,Hospital,COVID-19,5
13,Ayrshire and Arran,Care Home,Non-COVID-19,28
13,Ayrshire and Arran,Home / Non-institution,Non-COVID-19,32
13,Ayrshire and Arran,Hospital,Non-COVID-19,39
13,Borders,Hospital,COVID-19,7
13,Borders,Care Home,Non-COVID-19,4
13,Borders,Home / Non-institution,Non-COVID-19,5
13,Borders,Hospital,Non-COVID-19,7
13,Borders,Other institution,Non-COVID-19,2
13,Dumfries and Galloway,Hospital,COVID-19,6
13,Dumfries and Galloway,Care Home,Non-COVID-19,13
13,Dumfries and Galloway,Home / Non-institution,Non-COVID-19,17
13,Dumfries and Galloway,Hospital,Non-COVID-19,19
13,Fife,Care Home,COVID-19,1
13,Fife,Home / Non-institution,COVID-19,2
13,Fife,Hospital,COVID-19,5
13,Fife,Care Home,Non-COVID-19,17
13,Fife,Home / Non-institution,Non-COVID-19,24
13,Fife,Hospital,Non-COVID-19,31
13,Forth Valley,Care Home,COVID-19,2
13,Forth Valley,Home / Non-institution,COVID-19,2
13,Forth Valley,Hospital,COVID-19,6
13,Forth Valley,Care Home,Non-COVID-19,18
13,Forth Valley,Home / Non-institution,Non-COVID-19,29
13,Forth Valley,Hospital,Non-COVID-19,20
13,Grampian,Care Home,COVID-19,1
13,Grampian,Home / Non-institution,COVID-19,1
13,Grampian,Hospital,COVID-19,2
13,Grampian,Care Home,Non-COVID-19,30
13,Grampian,Home / Non-institution,Non-COVID-19,39
13,Grampian,Hospital,Non-COVID-19,51
13,Greater Glasgow and Clyde,Care Home,COVID-19,6
13,Greater Glasgow and Clyde,Home / Non-institution,COVID-19,1
13,Greater Glasgow and Clyde,Hospital,COVID-19,38
13,Greater Glasgow and Clyde,Care Home,Non-COVID-19,74
13,Greater Glasgow and Clyde,Home / Non-institution,Non-COVID-19,129
13,Greater Glasgow and Clyde,Hospital,Non-COVID-19,94
13,Highland,Home / Non-institution,COVID-19,5
13,Highland,Hospital,COVID-19,5
13,Highland,Care Home,Non-COVID-19,22
13,Highland,Home / Non-institution,Non-COVID-19,21
13,Highland,Hospital,Non-COVID-19,30
13,Lanarkshire,Care Home,COVID-19,10
13,Lanarkshire,Home / Non-institution,COVID-19,6
13,Lanarkshire,Hospital,COVID-19,11
13,Lanarkshire,Care Home,Non-COVID-19,32
13,Lanarkshire,Home / Non-institution,Non-COVID-19,54
13,Lanarkshire,Hospital,Non-COVID-19,69
13,Lothian,Care Home,COVID-19,1
13,Lothian,Home / Non-institution,COVID-19,1
13,Lothian,Hospital,COVID-19,12
13,Lothian,Care Home,Non-COVID-19,39
13,Lothian,Home / Non-institution,Non-COVID-19,44
13,Lothian,Hospital,Non-COVID-19,71
13,Orkney,Home / Non-institution,Non-COVID-19,7
13,Shetland,Care Home,Non-COVID-19,4
13,Tayside,Home / Non-institution,COVID-19,2
13,Tayside,Hospital,COVID-19,7
13,Tayside,Care Home,Non-COVID-19,18
13,Tayside,Home / Non-institution,Non-COVID-19,38
13,Tayside,Hospital,Non-COVID-19,37
13,Tayside,Other institution,Non-COVID-19,1
13,Western Isles,Care Home,Non-COVID-19,2
13,Western Isles,Home / Non-institution,Non-COVID-19,3
13,Western Isles,Hospital,Non-COVID-19,3
14,Ayrshire and Arran,Care Home,COVID-19,4
14,Ayrshire and Arran,Home / Non-institution,COVID-19,6
14,Ayrshire and Arran,Hospital,COVID-19,21
14,Ayrshire and Arran,Care Home,Non-COVID-19,26
14,Ayrshire and Arran,Home / Non-institution,Non-COVID-19,43
14,Ayrshire and Arran,Hospital,Non-COVID-19,37
14,Borders,Care Home,COVID-19,1
14,Borders,Home / Non-institution,COVID-19,2
14,Borders,Hospital,COVID-19,13
14,Borders,Care Home,Non-COVID-19,4
14,Borders,Home / Non-institution,Non-COVID-19,14
14,Borders,Hospital,Non-COVID-19,8
14,Borders,Other institution,Non-COVID-19,3
14,Dumfries and Galloway,Care Home,COVID-19,2
14,Dumfries and Galloway,Home / Non-institution,COVID-19,1
14,Dumfries and Galloway,Hospital,COVID-19,9
14,Dumfries and Galloway,Care Home,Non-COVID-19,11
14,Dumfries and Galloway,Home / Non-institution,Non-COVID-19,15
14,Dumfries and Galloway,Hospital,Non-COVID-19,16
14,Fife,Care Home,COVID-19,2
14,Fife,Home / Non-institution,COVID-19,1
14,Fife,Hospital,COVID-19,13
14,Fife,Care Home,Non-COVID-19,26
14,Fife,Home / Non-institution,Non-COVID-19,30
14,Fife,Hospital,Non-COVID-19,27
14,Forth Valley,Care Home,COVID-19,4
14,Forth Valley,Home / Non-institution,COVID-19,2
14,Forth Valley,Hospital,COVID-19,25
14,Forth Valley,Care Home,Non-COVID-19,20
14,Forth Valley,Home / Non-institution,Non-COVID-19,27
14,Forth Valley,Hospital,Non-COVID-19,26
14,Grampian,Care Home,COVID-19,6
14,Grampian,Home / Non-institution,COVID-19,5
14,Grampian,Hospital,COVID-19,12
14,Grampian,Care Home,Non-COVID-19,46
14,Grampian,Home / Non-institution,Non-COVID-19,35
14,Grampian,Hospital,Non-COVID-19,39
14,Greater Glasgow and Clyde,Care Home,COVID-19,44
14,Greater Glasgow and Clyde,Home / Non-institution,COVID-19,19
14,Greater Glasgow and Clyde,Hospital,COVID-19,87
14,Greater Glasgow and Clyde,Care Home,Non-COVID-19,91
14,Greater Glasgow and Clyde,Home / Non-institution,Non-COVID-19,102
14,Greater Glasgow and Clyde,Hospital,Non-COVID-19,81
14,Greater Glasgow and Clyde,Other institution,Non-COVID-19,3
14,Highland,Care Home,COVID-19,1
14,Highland,Home / Non-institution,COVID-19,2
14,Highland,Hospital,COVID-19,9
14,Highland,Care Home,Non-COVID-19,27
14,Highland,Home / Non-institution,Non-COVID-19,32
14,Highland,Hospital,Non-COVID-19,21
14,Lanarkshire,Care Home,COVID-19,13
14,Lanarkshire,Home / Non-institution,COVID-19,10
14,Lanarkshire,Hospital,COVID-19,41
14,Lanarkshire,Other institution,COVID-19,1
14,Lanarkshire,Care Home,Non-COVID-19,50
14,Lanarkshire,Home / Non-institution,Non-COVID-19,69
14,Lanarkshire,Hospital,Non-COVID-19,53
14,Lanarkshire,Other institution,Non-COVID-19,1
14,Lothian,Care Home,COVID-19,19
14,Lothian,Home / Non-institution,COVID-19,13
14,Lothian,Hospital,COVID-19,37
14,Lothian,Care Home,Non-COVID-19,61
14,Lothian,Home / Non-institution,Non-COVID-19,63
14,Lothian,Hospital,Non-COVID-19,62
14,Orkney,Hospital,COVID-19,1
14,Orkney,Care Home,Non-COVID-19,2
14,Orkney,Home / Non-institution,Non-COVID-19,6
14,Shetland,Care Home,COVID-19,1
14,Shetland,Care Home,Non-COVID-19,5
14,Shetland,Home / Non-institution,Non-COVID-19,3
14,Tayside,Care Home,COVID-19,7
14,Tayside,Home / Non-institution,COVID-19,3
14,Tayside,Hospital,COVID-19,15
14,Tayside,Care Home,Non-COVID-19,31
14,Tayside,Home / Non-institution,Non-COVID-19,50
14,Tayside,Hospital,Non-COVID-19,36
14,Tayside,Other institution,Non-COVID-19,1
14,Western Isles,Care Home,Non-COVID-19,2
14,Western Isles,Home / Non-institution,Non-COVID-19,3
15,Ayrshire and Arran,Care Home,COVID-19,24
15,Ayrshire and Arran,Hospital,COVID-19,21
15,Ayrshire and Arran,Care Home,Non-COVID-19,22
15,Ayrshire and Arran,Home / Non-institution,Non-COVID-19,39
15,Ayrshire and Arran,Hospital,Non-COVID-19,38
15,Borders,Care Home,COVID-19,1
15,Borders,Home / Non-institution,COVID-19,1
15,Borders,Hospital,COVID-19,11
15,Borders,Care Home,Non-COVID-19,4
15,Borders,Home / Non-institution,Non-COVID-19,10
15,Borders,Hospital,Non-COVID-19,7
15,Borders,Other institution,Non-COVID-19,1
15,Dumfries and Galloway,Care Home,COVID-19,2
15,Dumfries and Galloway,Hospital,COVID-19,5
15,Dumfries and Galloway,Care Home,Non-COVID-19,8
15,Dumfries and Galloway,Home / Non-institution,Non-COVID-19,13
15,Dumfries and Galloway,Hospital,Non-COVID-19,11
15,Fife,Care Home,COVID-19,8
15,Fife,Home / Non-institution,COVID-19,4
15,Fife,Hospital,COVID-19,23
15,Fife,Care Home,Non-COVID-19,20
15,Fife,Home / Non-institution,Non-COVID-19,28
15,Fife,Hospital,Non-COVID-19,28
15,Forth Valley,Care Home,COVID-19,9
15,Forth Valley,Home / Non-institution,COVID-19,4
15,Forth Valley,Hospital,COVID-19,17
15,Forth Valley,Care Home,Non-COVID-19,29
15,Forth Valley,Home / Non-institution,Non-COVID-19,20
15,Forth Valley,Hospital,Non-COVID-19,14
15,Forth Valley,Other institution,Non-COVID-19,1
15,Grampian,Care Home,COVID-19,16
15,Grampian,Home / Non-institution,COVID-19,4
15,Grampian,Hospital,COVID-19,14
15,Grampian,Care Home,Non-COVID-19,34
15,Grampian,Home / Non-institution,Non-COVID-19,41
15,Grampian,Hospital,Non-COVID-19,38
15,Greater Glasgow and Clyde,Care Home,COVID-19,71
15,Greater Glasgow and Clyde,Home / Non-institution,COVID-19,10
15,Greater Glasgow and Clyde,Hospital,COVID-19,134
15,Greater Glasgow and Clyde,Care Home,Non-COVID-19,102
15,Greater Glasgow and Clyde,Home / Non-institution,Non-COVID-19,130
15,Greater Glasgow and Clyde,Hospital,Non-COVID-19,73
15,Highland,Care Home,COVID-19,4
15,Highland,Home / Non-institution,COVID-19,1
15,Highland,Hospital,COVID-19,15
15,Highland,Care Home,Non-COVID-19,32
15,Highland,Home / Non-institution,Non-COVID-19,32
15,Highland,Hospital,Non-COVID-19,21
15,Lanarkshire,Care Home,COVID-19,30
15,Lanarkshire,Home / Non-institution,COVID-19,6
15,Lanarkshire,Hospital,COVID-19,47
15,Lanarkshire,Care Home,Non-COVID-19,38
15,Lanarkshire,Home / Non-institution,Non-COVID-19,74
15,Lanarkshire,Hospital,Non-COVID-19,50
15,Lanarkshire,Other institution,Non-COVID-19,3
15,Lothian,Care Home,COVID-19,60
15,Lothian,Home / Non-institution,COVID-19,6
15,Lothian,Hospital,COVID-19,46
15,Lothian,Care Home,Non-COVID-19,53
15,Lothian,Home / Non-institution,Non-COVID-19,55
15,Lothian,Hospital,Non-COVID-19,50
15,Orkney,Hospital,COVID-19,1
15,Orkney,Home / Non-institution,Non-COVID-19,5
15,Orkney,Hospital,Non-COVID-19,1
15,Shetland,Care Home,COVID-19,4
15,Shetland,Hospital,COVID-19,1
15,Shetland,Home / Non-institution,Non-COVID-19,2
15,Shetland,Hospital,Non-COVID-19,1
15,Tayside,Care Home,COVID-19,13
15,Tayside,Home / Non-institution,COVID-19,5
15,Tayside,Hospital,COVID-19,24
15,Tayside,Care Home,Non-COVID-19,36
15,Tayside,Home / Non-institution,Non-COVID-19,52
15,Tayside,Hospital,Non-COVID-19,44
15,Tayside,Other institution,Non-COVID-19,1
15,Western Isles,Care Home,Non-COVID-19,5
15,Western Isles,Home / Non-institution,Non-COVID-19,3
15,Western Isles,Hospital,Non-COVID-19,1
16,Ayrshire and Arran,Care Home,COVID-19,23
16,Ayrshire and Arran,Home / Non-institution,COVID-19,6
16,Ayrshire and Arran,Hospital,COVID-19,16
16,Ayrshire and Arran,Care Home,Non-COVID-19,20
16,Ayrshire and Arran,Home / Non-institution,Non-COVID-19,33
16,Ayrshire and Arran,Hospital,Non-COVID-19,31
16,Borders,Hospital,COVID-19,2
16,Borders,Care Home,Non-COVID-19,4
16,Borders,Home / Non-institution,Non-COVID-19,8
16,Borders,Hospital,Non-COVID-19,12
16,Dumfries and Galloway,Care Home,COVID-19,2
16,Dumfries and Galloway,Hospital,COVID-19,4
16,Dumfries and Galloway,Care Home,Non-COVID-19,12
16,Dumfries and Galloway,Home / Non-institution,Non-COVID-19,20
16,Dumfries and Galloway,Hospital,Non-COVID-19,12
16,Fife,Care Home,COVID-19,20
16,Fife,Home / Non-institution,COVID-19,2
16,Fife,Hospital,COVID-19,18
16,Fife,Care Home,Non-COVID-19,11
16,Fife,Home / Non-institution,Non-COVID-19,31
16,Fife,Hospital,Non-COVID-19,14
16,Forth Valley,Care Home,COVID-19,17
16,Forth Valley,Home / Non-institution,COVID-19,2
16,Forth Valley,Hospital,COVID-19,11
16,Forth Valley,Care Home,Non-COVID-19,21
16,Forth Valley,Home / Non-institution,Non-COVID-19,23
16,Forth Valley,Hospital,Non-COVID-19,20
16,Grampian,Care Home,COVID-19,25
16,Grampian,Home / Non-institution,COVID-19,5
16,Grampian,Hospital,COVID-19,13
16,Grampian,Care Home,Non-COVID-19,36
16,Grampian,Home / Non-institution,Non-COVID-19,46
16,Grampian,Hospital,Non-COVID-19,39
16,Greater Glasgow and Clyde,Care Home,COVID-19,107
16,Greater Glasgow and Clyde,Home / Non-institution,COVID-19,9
16,Greater Glasgow and Clyde,Hospital,COVID-19,95
16,Greater Glasgow and Clyde,Care Home,Non-COVID-19,94
16,Greater Glasgow and Clyde,Home / Non-institution,Non-COVID-19,107
16,Greater Glasgow and Clyde,Hospital,Non-COVID-19,63
16,Greater Glasgow and Clyde,Other institution,Non-COVID-19,1
16,Highland,Care Home,COVID-19,6
16,Highland,Home / Non-institution,COVID-19,1
16,Highland,Hospital,COVID-19,13
16,Highland,Care Home,Non-COVID-19,18
16,Highland,Home / Non-institution,Non-COVID-19,32
16,Highland,Hospital,Non-COVID-19,31
16,Lanarkshire,Care Home,COVID-19,34
16,Lanarkshire,Home / Non-institution,COVID-19,10
16,Lanarkshire,Hospital,COVID-19,45
16,Lanarkshire,Care Home,Non-COVID-19,42
16,Lanarkshire,Home / Non-institution,Non-COVID-19,78
16,Lanarkshire,Hospital,Non-COVID-19,44
16,Lothian,Care Home,COVID-19,69
16,Lothian,Home / Non-institution,COVID-19,8
16,Lothian,Hospital,COVID-19,30
16,Lothian,Care Home,Non-COVID-19,60
16,Lothian,Home / Non-institution,Non-COVID-19,53
16,Lothian,Hospital,Non-COVID-19,54
16,Orkney,Home / Non-institution,Non-COVID-19,4
16,Orkney,Hospital,Non-COVID-19,1
16,Shetland,Care Home,Non-COVID-19,1
16,Tayside,Care Home,COVID-19,28
16,Tayside,Home / Non-institution,COVID-19,3
16,Tayside,Hospital,COVID-19,20
16,Tayside,Care Home,Non-COVID-19,31
16,Tayside,Home / Non-institution,Non-COVID-19,32
16,Tayside,Hospital,Non-COVID-19,40
16,Tayside,Other institution,Non-COVID-19,1
16,Western Isles,Care Home,Non-COVID-19,2
16,Western Isles,Home / Non-institution,Non-COVID-19,5
16,Western Isles,Hospital,Non-COVID-19,2
17,Ayrshire and Arran,Care Home,COVID-19,20
17,Ayrshire and Arran,Home / Non-institution,COVID-19,2
17,Ayrshire and Arran,Hospital,COVID-19,17
17,Ayrshire and Arran,Care Home,Non-COVID-19,21
17,Ayrshire and Arran,Home / Non-institution,Non-COVID-19,42
17,Ayrshire and Arran,Hospital,Non-COVID-19,36
17,Borders,Care Home,COVID-19,1
17,Borders,Home / Non-institution,COVID-19,1
17,Borders,Hospital,COVID-19,2
17,Borders,Care Home,Non-COVID-19,1
17,Borders,Home / Non-institution,Non-COVID-19,9
17,Borders,Hospital,Non-COVID-19,11
17,Dumfries and Galloway,Care Home,COVID-19,1
17,Dumfries and Galloway,Hospital,COVID-19,4
17,Dumfries and Galloway,Care Home,Non-COVID-19,12
17,Dumfries and Galloway,Home / Non-institution,Non-COVID-19,16
17,Dumfries and Galloway,Hospital,Non-COVID-19,14
17,Fife,Care Home,COVID-19,11
17,Fife,Home / Non-institution,COVID-19,2
17,Fife,Hospital,COVID-19,10
17,Fife,Care Home,Non-COVID-19,23
17,Fife,Home / Non-institution,Non-COVID-19,38
17,Fife,Hospital,Non-COVID-19,23
17,Forth Valley,Care Home,COVID-19,24
17,Forth Valley,Home / Non-institution,COVID-19,3
17,Forth Valley,Hospital,COVID-19,8
17,Forth Valley,Care Home,Non-COVID-19,17
17,Forth Valley,Home / Non-institution,Non-COVID-19,30
17,Forth Valley,Hospital,Non-COVID-19,23
17,Grampian,Care Home,COVID-19,24
17,Grampian,Home / Non-institution,COVID-19,2
17,Grampian,Hospital,COVID-19,15
17,Grampian,Care Home,Non-COVID-19,33
17,Grampian,Home / Non-institution,Non-COVID-19,49
17,Grampian,Hospital,Non-COVID-19,24
17,Greater Glasgow and Clyde,Care Home,COVID-19,103
17,Greater Glasgow and Clyde,Home / Non-institution,COVID-19,5
17,Greater Glasgow and Clyde,Hospital,COVID-19,84
17,Greater Glasgow and Clyde,Care Home,Non-COVID-19,90
17,Greater Glasgow and Clyde,Home / Non-institution,Non-COVID-19,92
17,Greater Glasgow and Clyde,Hospital,Non-COVID-19,72
17,Greater Glasgow and Clyde,Other institution,Non-COVID-19,1
17,Highland,Care Home,COVID-19,7
17,Highland,Home / Non-institution,COVID-19,3
17,Highland,Hospital,COVID-19,5
17,Highland,Care Home,Non-COVID-19,23
17,Highland,Home / Non-institution,Non-COVID-19,27
17,Highland,Hospital,Non-COVID-19,21
17,Lanarkshire,Care Home,COVID-19,44
17,Lanarkshire,Home / Non-institution,COVID-19,4
17,Lanarkshire,Hospital,COVID-19,30
17,Lanarkshire,Care Home,Non-COVID-19,42
17,Lanarkshire,Home / Non-institution,Non-COVID-19,54
17,Lanarkshire,Hospital,Non-COVID-19,41
17,Lothian,Care Home,COVID-19,65
17,Lothian,Home / Non-institution,COVID-19,2
17,Lothian,Hospital,COVID-19,42
17,Lothian,Care Home,Non-COVID-19,51
17,Lothian,Home / Non-institution,Non-COVID-19,72
17,Lothian,Hospital,Non-COVID-19,50
17,Orkney,Care Home,Non-COVID-19,1
17,Orkney,Home / Non-institution,Non-COVID-19,2
17,Orkney,Hospital,Non-COVID-19,2
17,Shetland,Care Home,Non-COVID-19,2
17,Shetland,Home / Non-institution,Non-COVID-19,2
17,Shetland,Hospital,Non-COVID-19,1
17,Tayside,Care Home,COVID-19,30
17,Tayside,Home / Non-institution,COVID-19,2
17,Tayside,Hospital,COVID-19,21
17,Tayside,Care Home,Non-COVID-19,22
17,Tayside,Home / Non-institution,Non-COVID-19,32
17,Tayside,Hospital,Non-COVID-19,33
17,Tayside,Other institution,Non-COVID-19,2
17,Western Isles,Care Home,Non-COVID-19,2
17,Western Isles,Home / Non-institution,Non-COVID-19,2
17,Western Isles,Hospital,Non-COVID-19,2
18,Ayrshire and Arran,Care Home,COVID-19,17
18,Ayrshire and Arran,Hospital,COVID-19,16
18,Ayrshire and Arran,Care Home,Non-COVID-19,24
18,Ayrshire and Arran,Home / Non-institution,Non-COVID-19,29
18,Ayrshire and Arran,Hospital,Non-COVID-19,25
18,Ayrshire and Arran,Other institution,Non-COVID-19,1
18,Borders,Hospital,COVID-19,5
18,Borders,Care Home,Non-COVID-19,5
18,Borders,Home / Non-institution,Non-COVID-19,12
18,Borders,Hospital,Non-COVID-19,11
18,Dumfries and Galloway,Care Home,COVID-19,1
18,Dumfries and Galloway,Hospital,COVID-19,6
18,Dumfries and Galloway,Care Home,Non-COVID-19,6
18,Dumfries and Galloway,Home / Non-institution,Non-COVID-19,20
18,Dumfries and Galloway,Hospital,Non-COVID-19,8
18,Fife,Care Home,COVID-19,14
18,Fife,Home / Non-institution,COVID-19,1
18,Fife,Hospital,COVID-19,10
18,Fife,Care Home,Non-COVID-19,19
18,Fife,Home / Non-institution,Non-COVID-19,36
18,Fife,Hospital,Non-COVID-19,27
18,Forth Valley,Care Home,COVID-19,23
18,Forth Valley,Home / Non-institution,COVID-19,3
18,Forth Valley,Hospital,COVID-19,2
18,Forth Valley,Care Home,Non-COVID-19,20
18,Forth Valley,Home / Non-institution,Non-COVID-19,26
18,Forth Valley,Hospital,Non-COVID-19,28
18,Grampian,Care Home,COVID-19,13
18,Grampian,Home / Non-institution,COVID-19,1
18,Grampian,Hospital,COVID-19,8
18,Grampian,Care Home,Non-COVID-19,22
18,Grampian,Home / Non-institution,Non-COVID-19,52
18,Grampian,Hospital,Non-COVID-19,39
18,Grampian,Other institution,Non-COVID-19,1
18,Greater Glasgow and Clyde,Care Home,COVID-19,85
18,Greater Glasgow and Clyde,Home / Non-institution,COVID-19,3
18,Greater Glasgow and Clyde,Hospital,COVID-19,63
18,Greater Glasgow and Clyde,Care Home,Non-COVID-19,69
18,Greater Glasgow and Clyde,Home / Non-institution,Non-COVID-19,114
18,Greater Glasgow and Clyde,Hospital,Non-COVID-19,52
18,Greater Glasgow and Clyde,Other institution,Non-COVID-19,1
18,Highland,Care Home,COVID-19,7
18,Highland,Home / Non-institution,COVID-19,1
18,Highland,Hospital,COVID-19,5
18,Highland,Care Home,Non-COVID-19,16
18,Highland,Home / Non-institution,Non-COVID-19,29
18,Highland,Hospital,Non-COVID-19,15
18,Lanarkshire,Care Home,COVID-19,20
18,Lanarkshire,Home / Non-institution,COVID-19,1
18,Lanarkshire,Hospital,COVID-19,38
18,Lanarkshire,Care Home,Non-COVID-19,38
18,Lanarkshire,Home / Non-institution,Non-COVID-19,61
18,Lanarkshire,Hospital,Non-COVID-19,47
18,Lanarkshire,Other institution,Non-COVID-19,1
18,Lothian,Care Home,COVID-19,69
18,Lothian,Home / Non-institution,COVID-19,2
18,Lothian,Hospital,COVID-19,23
18,Lothian,Care Home,Non-COVID-19,45
18,Lothian,Home / Non-institution,Non-COVID-19,68
18,Lothian,Hospital,Non-COVID-19,50
18,Orkney,Home / Non-institution,Non-COVID-19,1
18,Orkney,Hospital,Non-COVID-19,1
18,Shetland,Hospital,COVID-19,1
18,Shetland,Care Home,Non-COVID-19,1
18,Shetland,Hospital,Non-COVID-19,2
18,Tayside,Care Home,COVID-19,14
18,Tayside,Home / Non-institution,COVID-19,4
18,Tayside,Hospital,COVID-19,13
18,Tayside,Care Home,Non-COVID-19,21
18,Tayside,Home / Non-institution,Non-COVID-19,35
18,Tayside,Hospital,Non-COVID-19,29
18,Tayside,Other institution,Non-COVID-19,1
18,Western Isles,Care Home,Non-COVID-19,1
18,Western Isles,Home / Non-institution,Non-COVID-19,3
18,Western Isles,Hospital,Non-COVID-19,1
19,Ayrshire and Arran,Care Home,COVID-19,15
19,Ayrshire and Arran,Hospital,COVID-19,9
19,Ayrshire and Arran,Care Home,Non-COVID-19,18
19,Ayrshire and Arran,Home / Non-institution,Non-COVID-19,41
19,Ayrshire and Arran,Hospital,Non-COVID-19,38
19,Borders,Home / Non-institution,COVID-19,2
19,Borders,Hospital,COVID-19,2
19,Borders,Care Home,Non-COVID-19,3
19,Borders,Home / Non-institution,Non-COVID-19,7
19,Borders,Hospital,Non-COVID-19,7
19,Dumfries and Galloway,Care Home,COVID-19,1
19,Dumfries and Galloway,Hospital,COVID-19,3
19,Dumfries and Galloway,Care Home,Non-COVID-19,6
19,Dumfries and Galloway,Home / Non-institution,Non-COVID-19,10
19,Dumfries and Galloway,Hospital,Non-COVID-19,15
19,Fife,Care Home,COVID-19,9
19,Fife,Hospital,COVID-19,12
19,Fife,Care Home,Non-COVID-19,17
19,Fife,Home / Non-institution,Non-COVID-19,19
19,Fife,Hospital,Non-COVID-19,24
19,Forth Valley,Care Home,COVID-19,20
19,Forth Valley,Home / Non-institution,COVID-19,3
19,Forth Valley,Hospital,COVID-19,4
19,Forth Valley,Care Home,Non-COVID-19,19
19,Forth Valley,Home / Non-institution,Non-COVID-19,33
19,Forth Valley,Hospital,Non-COVID-19,17
19,Grampian,Care Home,COVID-19,12
19,Grampian,Home / Non-institution,COVID-19,3
19,Grampian,Hospital,COVID-19,9
19,Grampian,Care Home,Non-COVID-19,25
19,Grampian,Home / Non-institution,Non-COVID-19,32
19,Grampian,Hospital,Non-COVID-19,34
19,Greater Glasgow and Clyde,Care Home,COVID-19,77
19,Greater Glasgow and Clyde,Home / Non-institution,COVID-19,7
19,Greater Glasgow and Clyde,Hospital,COVID-19,41
19,Greater Glasgow and Clyde,Other institution,COVID-19,3
19,Greater Glasgow and Clyde,Care Home,Non-COVID-19,60
19,Greater Glasgow and Clyde,Home / Non-institution,Non-COVID-19,112
19,Greater Glasgow and Clyde,Hospital,Non-COVID-19,81
19,Highland,Care Home,COVID-19,6
19,Highland,Home / Non-institution,COVID-19,1
19,Highland,Hospital,COVID-19,2
19,Highland,Care Home,Non-COVID-19,23
19,Highland,Home / Non-institution,Non-COVID-19,29
19,Highland,Hospital,Non-COVID-19,28
19,Lanarkshire,Care Home,COVID-19,24
19,Lanarkshire,Home / Non-institution,COVID-19,6
19,Lanarkshire,Hospital,COVID-19,22
19,Lanarkshire,Other institution,COVID-19,1
19,Lanarkshire,Care Home,Non-COVID-19,38
19,Lanarkshire,Home / Non-institution,Non-COVID-19,51
19,Lanarkshire,Hospital,Non-COVID-19,46
19,Lothian,Care Home,COVID-19,51
19,Lothian,Home / Non-institution,COVID-19,2
19,Lothian,Hospital,COVID-19,16
19,Lothian,Care Home,Non-COVID-19,35
19,Lothian,Home / Non-institution,Non-COVID-19,58
19,Lothian,Hospital,Non-COVID-19,47
19,Orkney,Care Home,Non-COVID-19,1
19,Orkney,Hospital,Non-COVID-19,2
19,Shetland,Care Home,Non-COVID-19,3
19,Shetland,Home / Non-institution,Non-COVID-19,2
19,Shetland,Hospital,Non-COVID-19,1
19,Tayside,Care Home,COVID-19,17
19,Tayside,Home / Non-institution,COVID-19,4
19,Tayside,Hospital,COVID-19,11
19,Tayside,Care Home,Non-COVID-19,21
19,Tayside,Home / Non-institution,Non-COVID-19,35
19,Tayside,Hospital,Non-COVID-19,36
19,Western Isles,Home / Non-institution,Non-COVID-19,1
19,Western Isles,Hospital,Non-COVID-19,1
20,Ayrshire and Arran,Care Home,COVID-19,8
20,Ayrshire and Arran,Hospital,COVID-19,12
20,Ayrshire and Arran,Care Home,Non-COVID-19,20
20,Ayrshire and Arran,Home / Non-institution,Non-COVID-19,28
20,Ayrshire and Arran,Hospital,Non-COVID-19,31
20,Ayrshire and Arran,Other institution,Non-COVID-19,1
20,Borders,Care Home,COVID-19,2
20,Borders,Hospital,COVID-19,2
20,Borders,Care Home,Non-COVID-19,5
20,Borders,Home / Non-institution,Non-COVID-19,8
20,Borders,Hospital,Non-COVID-19,9
20,Dumfries and Galloway,Care Home,Non-COVID-19,4
20,Dumfries and Galloway,Home / Non-institution,Non-COVID-19,13
20,Dumfries and Galloway,Hospital,Non-COVID-19,15
20,Fife,Care Home,COVID-19,1
20,Fife,Hospital,COVID-19,6
20,Fife,Care Home,Non-COVID-19,17
20,Fife,Home / Non-institution,Non-COVID-19,28
20,Fife,Hospital,Non-COVID-19,25
20,Forth Valley,Care Home,COVID-19,7
20,Forth Valley,Home / Non-institution,COVID-19,3
20,Forth Valley,Hospital,COVID-19,4
20,Forth Valley,Care Home,Non-COVID-19,5
20,Forth Valley,Home / Non-institution,Non-COVID-19,23
20,Forth Valley,Hospital,Non-COVID-19,22
20,Forth Valley,Other institution,Non-COVID-19,1
20,Grampian,Care Home,COVID-19,9
20,Grampian,Home / Non-institution,COVID-19,1
20,Grampian,Hospital,COVID-19,19
20,Grampian,Care Home,Non-COVID-19,21
20,Grampian,Home / Non-institution,Non-COVID-19,28
20,Grampian,Hospital,Non-COVID-19,23
20,Greater Glasgow and Clyde,Care Home,COVID-19,61
20,Greater Glasgow and Clyde,Home / Non-institution,COVID-19,1
20,Greater Glasgow and Clyde,Hospital,COVID-19,35
20,Greater Glasgow and Clyde,Care Home,Non-COVID-19,42
20,Greater Glasgow and Clyde,Home / Non-institution,Non-COVID-19,77
20,Greater Glasgow and Clyde,Hospital,Non-COVID-19,68
20,Greater Glasgow and Clyde,Other institution,Non-COVID-19,1
20,Highland,Care Home,COVID-19,4
20,Highland,Hospital,COVID-19,3
20,Highland,Care Home,Non-COVID-19,12
20,Highland,Home / Non-institution,Non-COVID-19,35
20,Highland,Hospital,Non-COVID-19,24
20,Lanarkshire,Care Home,COVID-19,18
20,Lanarkshire,Home / Non-institution,COVID-19,4
20,Lanarkshire,Hospital,COVID-19,19
20,Lanarkshire,Care Home,Non-COVID-19,30
20,Lanarkshire,Home / Non-institution,Non-COVID-19,54
20,Lanarkshire,Hospital,Non-COVID-19,39
20,Lothian,Care Home,COVID-19,37
20,Lothian,Home / Non-institution,COVID-19,1
20,Lothian,Hospital,COVID-19,11
20,Lothian,Care Home,Non-COVID-19,30
20,Lothian,Home / Non-institution,Non-COVID-19,61
20,Lothian,Hospital,Non-COVID-19,53
20,Orkney,Care Home,Non-COVID-19,1
20,Orkney,Home / Non-institution,Non-COVID-19,2
20,Orkney,Hospital,Non-COVID-19,2
20,Shetland,Care Home,Non-COVID-19,4
20,Shetland,Home / Non-institution,Non-COVID-19,1
20,Shetland,Hospital,Non-COVID-19,1
20,Tayside,Care Home,COVID-19,12
20,Tayside,Home / Non-institution,COVID-19,1
20,Tayside,Hospital,COVID-19,7
20,Tayside,Care Home,Non-COVID-19,20
20,Tayside,Home / Non-institution,Non-COVID-19,37
20,Tayside,Hospital,Non-COVID-19,32
20,Western Isles,Home / Non-institution,Non-COVID-19,2
20,Western Isles,Hospital,Non-COVID-19,1
21,Ayrshire and Arran,Care Home,COVID-19,7
21,Ayrshire and Arran,Home / Non-institution,COVID-19,1
21,Ayrshire and Arran,Hospital,COVID-19,10
21,Ayrshire and Arran,Care Home,Non-COVID-19,17
21,Ayrshire and Arran,Home / Non-institution,Non-COVID-19,28
21,Ayrshire and Arran,Hospital,Non-COVID-19,21
21,Borders,Care Home,COVID-19,2
21,Borders,Hospital,COVID-19,3
21,Borders,Care Home,Non-COVID-19,3
21,Borders,Home / Non-institution,Non-COVID-19,8
21,Borders,Hospital,Non-COVID-19,12
21,Dumfries and Galloway,Care Home,Non-COVID-19,4
21,Dumfries and Galloway,Home / Non-institution,Non-COVID-19,18
21,Dumfries and Galloway,Hospital,Non-COVID-19,12
21,Fife,Care Home,COVID-19,1
21,Fife,Home / Non-institution,COVID-19,1
21,Fife,Hospital,COVID-19,3
21,Fife,Care Home,Non-COVID-19,14
21,Fife,Home / Non-institution,Non-COVID-19,26
21,Fife,Hospital,Non-COVID-19,28
21,Forth Valley,Care Home,COVID-19,6
21,Forth Valley,Hospital,COVID-19,3
21,Forth Valley,Care Home,Non-COVID-19,15
21,Forth Valley,Home / Non-institution,Non-COVID-19,19
21,Forth Valley,Hospital,Non-COVID-19,23
21,Grampian,Care Home,COVID-19,4
21,Grampian,Home / Non-institution,COVID-19,2
21,Grampian,Hospital,COVID-19,4
21,Grampian,Care Home,Non-COVID-19,19
21,Grampian,Home / Non-institution,Non-COVID-19,45
21,Grampian,Hospital,Non-COVID-19,26
21,Greater Glasgow and Clyde,Care Home,COVID-19,29
21,Greater Glasgow and Clyde,Home / Non-institution,COVID-19,2
21,Greater Glasgow and Clyde,Hospital,COVID-19,19
21,Greater Glasgow and Clyde,Other institution,COVID-19,1
21,Greater Glasgow and Clyde,Care Home,Non-COVID-19,57
21,Greater Glasgow and Clyde,Home / Non-institution,Non-COVID-19,97
21,Greater Glasgow and Clyde,Hospital,Non-COVID-19,85
21,Highland,Hospital,COVID-19,1
21,Highland,Care Home,Non-COVID-19,22
21,Highland,Home / Non-institution,Non-COVID-19,35
21,Highland,Hospital,Non-COVID-19,24
21,Lanarkshire,Care Home,COVID-19,16
21,Lanarkshire,Home / Non-institution,COVID-19,1
21,Lanarkshire,Hospital,COVID-19,12
21,Lanarkshire,Care Home,Non-COVID-19,27
21,Lanarkshire,Home / Non-institution,Non-COVID-19,63
21,Lanarkshire,Hospital,Non-COVID-19,33
21,Lothian,Care Home,COVID-19,21
21,Lothian,Hospital,COVID-19,12
21,Lothian,Care Home,Non-COVID-19,36
21,Lothian,Home / Non-institution,Non-COVID-19,59
21,Lothian,Hospital,Non-COVID-19,59
21,Orkney,Care Home,Non-COVID-19,1
21,Orkney,Home / Non-institution,Non-COVID-19,3
21,Orkney,Hospital,Non-COVID-19,5
21,Shetland,Care Home,Non-COVID-19,1
21,Shetland,Home / Non-institution,Non-COVID-19,1
21,Tayside,Care Home,COVID-19,9
21,Tayside,Hospital,COVID-19,4
21,Tayside,Care Home,Non-COVID-19,18
21,Tayside,Home / Non-institution,Non-COVID-19,41
21,Tayside,Hospital,Non-COVID-19,27
21,Tayside,Other institution,Non-COVID-19,1
21,Western Isles,Care Home,Non-COVID-19,2
21,Western Isles,Home / Non-institution,Non-COVID-19,3
21,Western Isles,Hospital,Non-COVID-19,2
22,Ayrshire and Arran,Care Home,COVID-19,7
22,Ayrshire and Arran,Hospital,COVID-19,4
22,Ayrshire and Arran,Care Home,Non-COVID-19,17
22,Ayrshire and Arran,Home / Non-institution,Non-COVID-19,28
22,Ayrshire and Arran,Hospital,Non-COVID-19,29
22,Borders,Care Home,COVID-19,1
22,Borders,Hospital,COVID-19,5
22,Borders,Care Home,Non-COVID-19,3
22,Borders,Home / Non-institution,Non-COVID-19,8
22,Borders,Hospital,Non-COVID-19,12
22,Dumfries and Galloway,Care Home,Non-COVID-19,9
22,Dumfries and Galloway,Home / Non-institution,Non-COVID-19,11
22,Dumfries and Galloway,Hospital,Non-COVID-19,16
22,Fife,Care Home,COVID-19,4
22,Fife,Home / Non-institution,COVID-19,1
22,Fife,Hospital,COVID-19,2
22,Fife,Care Home,Non-COVID-19,20
22,Fife,Home / Non-institution,Non-COVID-19,30
22,Fife,Hospital,Non-COVID-19,30
22,Forth Valley,Care Home,COVID-19,2
22,Forth Valley,Home / Non-institution,COVID-19,1
22,Forth Valley,Hospital,COVID-19,1
22,Forth Valley,Care Home,Non-COVID-19,11
22,Forth Valley,Home / Non-institution,Non-COVID-19,27
22,Forth Valley,Hospital,Non-COVID-19,16
22,Grampian,Care Home,COVID-19,3
22,Grampian,Home / Non-institution,COVID-19,1
22,Grampian,Hospital,COVID-19,5
22,Grampian,Care Home,Non-COVID-19,25
22,Grampian,Home / Non-institution,Non-COVID-19,35
22,Grampian,Hospital,Non-COVID-19,53
22,Greater Glasgow and Clyde,Care Home,COVID-19,15
22,Greater Glasgow and Clyde,Home / Non-institution,COVID-19,2
22,Greater Glasgow and Clyde,Hospital,COVID-19,12
22,Greater Glasgow and Clyde,Care Home,Non-COVID-19,40
22,Greater Glasgow and Clyde,Home / Non-institution,Non-COVID-19,96
22,Greater Glasgow and Clyde,Hospital,Non-COVID-19,75
22,Highland,Care Home,COVID-19,2
22,Highland,Home / Non-institution,COVID-19,1
22,Highland,Hospital,COVID-19,3
22,Highland,Care Home,Non-COVID-19,17
22,Highland,Home / Non-institution,Non-COVID-19,29
22,Highland,Hospital,Non-COVID-19,21
22,Lanarkshire,Care Home,COVID-19,12
22,Lanarkshire,Home / Non-institution,COVID-19,1
22,Lanarkshire,Hospital,COVID-19,5
22,Lanarkshire,Care Home,Non-COVID-19,29
22,Lanarkshire,Home / Non-institution,Non-COVID-19,59
22,Lanarkshire,Hospital,Non-COVID-19,47
22,Lothian,Care Home,COVID-19,13
22,Lothian,Home / Non-institution,COVID-19,1
22,Lothian,Hospital,COVID-19,9
22,Lothian,Care Home,Non-COVID-19,32
22,Lothian,Home / Non-institution,Non-COVID-19,59
22,Lothian,Hospital,Non-COVID-19,52
22,Orkney,Home / Non-institution,Non-COVID-19,1
22,Orkney,Hospital,Non-COVID-19,3
22,Shetland,Care Home,Non-COVID-19,2
22,Shetland,Home / Non-institution,Non-COVID-19,2
22,Shetland,Hospital,Non-COVID-19,1
22,Tayside,Care Home,COVID-19,15
22,Tayside,Hospital,COVID-19,2
22,Tayside,Care Home,Non-COVID-19,22
22,Tayside,Home / Non-institution,Non-COVID-19,36
22,Tayside,Hospital,Non-COVID-19,41
22,Western Isles,Care Home,Non-COVID-19,5
22,Western Isles,Home / Non-institution,Non-COVID-19,1
22,Western Isles,Hospital,Non-COVID-19,1
23,Ayrshire and Arran,Care Home,COVID-19,3
23,Ayrshire and Arran,Hospital,COVID-19,3
23,Ayrshire and Arran,Care Home,Non-COVID-19,13
23,Ayrshire and Arran,Home / Non-institution,Non-COVID-19,33
23,Ayrshire and Arran,Hospital,Non-COVID-19,37
23,Borders,Care Home,COVID-19,2
23,Borders,Home / Non-institution,COVID-19,1
23,Borders,Care Home,Non-COVID-19,3
23,Borders,Home / Non-institution,Non-COVID-19,6
23,Borders,Hospital,Non-COVID-19,18
23,Dumfries and Galloway,Care Home,Non-COVID-19,4
23,Dumfries and Galloway,Home / Non-institution,Non-COVID-19,9
23,Dumfries and Galloway,Hospital,Non-COVID-19,17
23,Fife,Care Home,COVID-19,1
23,Fife,Hospital,COVID-19,2
23,Fife,Care Home,Non-COVID-19,13
23,Fife,Home / Non-institution,Non-COVID-19,25
23,Fife,Hospital,Non-COVID-19,25
23,Forth Valley,Care Home,COVID-19,4
23,Forth Valley,Home / Non-institution,COVID-19,1
23,Forth Valley,Hospital,COVID-19,3
23,Forth Valley,Care Home,Non-COVID-19,10
23,Forth Valley,Home / Non-institution,Non-COVID-19,22
23,Forth Valley,Hospital,Non-COVID-19,30
23,Grampian,Care Home,COVID-19,1
23,Grampian,Hospital,COVID-19,3
23,Grampian,Care Home,Non-COVID-19,19
23,Grampian,Home / Non-institution,Non-COVID-19,38
23,Grampian,Hospital,Non-COVID-19,42
23,Greater Glasgow and Clyde,Care Home,COVID-19,6
23,Greater Glasgow and Clyde,Home / Non-institution,COVID-19,2
23,Greater Glasgow and Clyde,Hospital,COVID-19,12
23,Greater Glasgow and Clyde,Other institution,COVID-19,1
23,Greater Glasgow and Clyde,Care Home,Non-COVID-19,55
23,Greater Glasgow and Clyde,Home / Non-institution,Non-COVID-19,101
23,Greater Glasgow and Clyde,Hospital,Non-COVID-19,77
23,Highland,Care Home,Non-COVID-19,17
23,Highland,Home / Non-institution,Non-COVID-19,31
23,Highland,Hospital,Non-COVID-19,21
23,Lanarkshire,Care Home,COVID-19,4
23,Lanarkshire,Home / Non-institution,COVID-19,1
23,Lanarkshire,Hospital,COVID-19,7
23,Lanarkshire,Care Home,Non-COVID-19,22
23,Lanarkshire,Home / Non-institution,Non-COVID-19,43
23,Lanarkshire,Hospital,Non-COVID-19,46
23,Lanarkshire,Other institution,Non-COVID-19,1
23,Lothian,Care Home,COVID-19,7
23,Lothian,Hospital,COVID-19,1
23,Lothian,Care Home,Non-COVID-19,31
23,Lothian,Home / Non-institution,Non-COVID-19,42
23,Lothian,Hospital,Non-COVID-19,51
23,Orkney,Care Home,Non-COVID-19,3
23,Orkney,Home / Non-institution,Non-COVID-19,1
23,Orkney,Hospital,Non-COVID-19,3
23,Shetland,Home / Non-institution,Non-COVID-19,3
23,Shetland,Hospital,Non-COVID-19,1
23,Tayside,Care Home,COVID-19,5
23,Tayside,Care Home,Non-COVID-19,19
23,Tayside,Home / Non-institution,Non-COVID-19,28
23,Tayside,Hospital,Non-COVID-19,18
23,Western Isles,Care Home,Non-COVID-19,2
23,Western Isles,Home / Non-institution,Non-COVID-19,3
23,Western Isles,Hospital,Non-COVID-19,1
24,Ayrshire and Arran,Care Home,COVID-19,3
24,Ayrshire and Arran,Hospital,COVID-19,1
24,Ayrshire and Arran,Care Home,Non-COVID-19,9
24,Ayrshire and Arran,Home / Non-institution,Non-COVID-19,29
24,Ayrshire and Arran,Hospital,Non-COVID-19,37
24,Borders,Care Home,COVID-19,1
24,Borders,Hospital,COVID-19,1
24,Borders,Care Home,Non-COVID-19,2
24,Borders,Home / Non-institution,Non-COVID-19,8
24,Borders,Hospital,Non-COVID-19,12
24,Dumfries and Galloway,Care Home,Non-COVID-19,8
24,Dumfries and Galloway,Home / Non-institution,Non-COVID-19,17
24,Dumfries and Galloway,Hospital,Non-COVID-19,13
24,Fife,Care Home,Non-COVID-19,13
24,Fife,Home / Non-institution,Non-COVID-19,17
24,Fife,Hospital,Non-COVID-19,17
24,Forth Valley,Hospital,COVID-19,1
24,Forth Valley,Care Home,Non-COVID-19,18
24,Forth Valley,Home / Non-institution,Non-COVID-19,24
24,Forth Valley,Hospital,Non-COVID-19,13
24,Grampian,Care Home,COVID-19,4
24,Grampian,Care Home,Non-COVID-19,24
24,Grampian,Home / Non-institution,Non-COVID-19,38
24,Grampian,Hospital,Non-COVID-19,29
24,Greater Glasgow and Clyde,Care Home,COVID-19,6
24,Greater Glasgow and Clyde,Hospital,COVID-19,3
24,Greater Glasgow and Clyde,Care Home,Non-COVID-19,51
24,Greater Glasgow and Clyde,Home / Non-institution,Non-COVID-19,88
24,Greater Glasgow and Clyde,Hospital,Non-COVID-19,66
24,Highland,Care Home,Non-COVID-19,11
24,Highland,Home / Non-institution,Non-COVID-19,24
24,Highland,Hospital,Non-COVID-19,28
24,Lanarkshire,Care Home,COVID-19,3
24,Lanarkshire,Home / Non-institution,COVID-19,1
24,Lanarkshire,Hospital,COVID-19,5
24,Lanarkshire,Care Home,Non-COVID-19,23
24,Lanarkshire,Home / Non-institution,Non-COVID-19,47
24,Lanarkshire,Hospital,Non-COVID-19,50
24,Lanarkshire,Other institution,Non-COVID-19,3
24,Lothian,Care Home,COVID-19,3
24,Lothian,Home / Non-institution,COVID-19,1
24,Lothian,Hospital,COVID-19,7
24,Lothian,Care Home,Non-COVID-19,19
24,Lothian,Home / Non-institution,Non-COVID-19,55
24,Lothian,Hospital,Non-COVID-19,65
24,Orkney,Home / Non-institution,Non-COVID-19,1
24,Orkney,Hospital,Non-COVID-19,1
24,Shetland,Care Home,Non-COVID-19,1
24,Shetland,Home / Non-institution,Non-COVID-19,1
24,Tayside,Care Home,COVID-19,3
24,Tayside,Home / Non-institution,COVID-19,1
24,Tayside,Hospital,COVID-19,3
24,Tayside,Care Home,Non-COVID-19,18
24,Tayside,Home / Non-institution,Non-COVID-19,35
24,Tayside,Hospital,Non-COVID-19,44
24,Western Isles,Care Home,Non-COVID-19,4
24,Western Isles,Home / Non-institution,Non-COVID-19,2
24,Western Isles,Hospital,Non-COVID-19,2
25,Ayrshire and Arran,Hospital,COVID-19,3
25,Ayrshire and Arran,Care Home,Non-COVID-19,14
25,Ayrshire and Arran,Home / Non-institution,Non-COVID-19,29
25,Ayrshire and Arran,Hospital,Non-COVID-19,40
25,Ayrshire and Arran,Other institution,Non-COVID-19,1
25,Borders,Care Home,COVID-19,1
25,Borders,Care Home,Non-COVID-19,9
25,Borders,Home / Non-institution,Non-COVID-19,5
25,Borders,Hospital,Non-COVID-19,11
25,Dumfries and Galloway,Care Home,Non-COVID-19,7
25,Dumfries and Galloway,Home / Non-institution,Non-COVID-19,16
25,Dumfries and Galloway,Hospital,Non-COVID-19,20
25,Fife,Care Home,COVID-19,1
25,Fife,Hospital,COVID-19,1
25,Fife,Care Home,Non-COVID-19,14
25,Fife,Home / Non-institution,Non-COVID-19,19
25,Fife,Hospital,Non-COVID-19,36
25,Forth Valley,Care Home,COVID-19,1
25,Forth Valley,Hospital,COVID-19,5
25,Forth Valley,Care Home,Non-COVID-19,11
25,Forth Valley,Home / Non-institution,Non-COVID-19,19
25,Forth Valley,Hospital,Non-COVID-19,12
25,Forth Valley,Other institution,Non-COVID-19,1
25,Grampian,Care Home,COVID-19,2
25,Grampian,Home / Non-institution,COVID-19,2
25,Grampian,Hospital,COVID-19,4
25,Grampian,Care Home,Non-COVID-19,13
25,Grampian,Home / Non-institution,Non-COVID-19,40
25,Grampian,Hospital,Non-COVID-19,35
25,Greater Glasgow and Clyde,Care Home,COVID-19,4
25,Greater Glasgow and Clyde,Home / Non-institution,COVID-19,1
25,Greater Glasgow and Clyde,Hospital,COVID-19,10
25,Greater Glasgow and Clyde,Care Home,Non-COVID-19,50
25,Greater Glasgow and Clyde,Home / Non-institution,Non-COVID-19,77
25,Greater Glasgow and Clyde,Hospital,Non-COVID-19,87
25,Greater Glasgow and Clyde,Other institution,Non-COVID-19,1
25,Highland,Care Home,Non-COVID-19,12
25,Highland,Home / Non-institution,Non-COVID-19,22
25,Highland,Hospital,Non-COVID-19,30
25,Lanarkshire,Care Home,COVID-19,5
25,Lanarkshire,Hospital,COVID-19,4
25,Lanarkshire,Care Home,Non-COVID-19,31
25,Lanarkshire,Home / Non-institution,Non-COVID-19,41
25,Lanarkshire,Hospital,Non-COVID-19,57
25,Lanarkshire,Other institution,Non-COVID-19,1
25,Lothian,Care Home,COVID-19,4
25,Lothian,Hospital,COVID-19,4
25,Lothian,Care Home,Non-COVID-19,30
25,Lothian,Home / Non-institution,Non-COVID-19,53
25,Lothian,Hospital,Non-COVID-19,50
25,Lothian,Other institution,Non-COVID-19,1
25,Orkney,Home / Non-institution,Non-COVID-19,2
25,Orkney,Hospital,Non-COVID-19,3
25,Shetland,Home / Non-institution,Non-COVID-19,1
25,Shetland,Hospital,Non-COVID-19,2
25,Tayside,Hospital,COVID-19,1
25,Tayside,Care Home,Non-COVID-19,20
25,Tayside,Home / Non-institution,Non-COVID-19,26
25,Tayside,Hospital,Non-COVID-19,32
25,Western Isles,Care Home,Non-COVID-19,4
25,Western Isles,Home / Non-institution,Non-COVID-19,2
25,Western Isles,Hospital,Non-COVID-19,3
26,Ayrshire and Arran,Care Home,Non-COVID-19,18
26,Ayrshire and Arran,Home / Non-institution,Non-COVID-19,22
26,Ayrshire and Arran,Hospital,Non-COVID-19,32
26,Borders,Care Home,Non-COVID-19,8
26,Borders,Home / Non-institution,Non-COVID-19,9
26,Borders,Hospital,Non-COVID-19,8
26,Borders,Other institution,Non-COVID-19,4
26,Dumfries and Galloway,Care Home,Non-COVID-19,6
26,Dumfries and Galloway,Home / Non-institution,Non-COVID-19,11
26,Dumfries and Galloway,Hospital,Non-COVID-19,10
26,Fife,Care Home,COVID-19,2
26,Fife,Hospital,COVID-19,1
26,Fife,Care Home,Non-COVID-19,16
26,Fife,Home / Non-institution,Non-COVID-19,36
26,Fife,Hospital,Non-COVID-19,26
26,Forth Valley,Hospital,COVID-19,1
26,Forth Valley,Care Home,Non-COVID-19,13
26,Forth Valley,Home / Non-institution,Non-COVID-19,27
26,Forth Valley,Hospital,Non-COVID-19,28
26,Grampian,Care Home,Non-COVID-19,11
26,Grampian,Home / Non-institution,Non-COVID-19,42
26,Grampian,Hospital,Non-COVID-19,38
26,Greater Glasgow and Clyde,Care Home,COVID-19,1
26,Greater Glasgow and Clyde,Hospital,COVID-19,1
26,Greater Glasgow and Clyde,Care Home,Non-COVID-19,44
26,Greater Glasgow and Clyde,Home / Non-institution,Non-COVID-19,71
26,Greater Glasgow and Clyde,Hospital,Non-COVID-19,86
26,Highland,Care Home,Non-COVID-19,12
26,Highland,Home / Non-institution,Non-COVID-19,31
26,Highland,Hospital,Non-COVID-19,17
26,Lanarkshire,Care Home,COVID-19,3
26,Lanarkshire,Hospital,COVID-19,3
26,Lanarkshire,Care Home,Non-COVID-19,19
26,Lanarkshire,Home / Non-institution,Non-COVID-19,43
26,Lanarkshire,Hospital,Non-COVID-19,45
26,Lanarkshire,Other institution,Non-COVID-19,1
26,Lothian,Care Home,COVID-19,2
26,Lothian,Home / Non-institution,COVID-19,1
26,Lothian,Hospital,COVID-19,4
26,Lothian,Care Home,Non-COVID-19,26
26,Lothian,Home / Non-institution,Non-COVID-19,51
26,Lothian,Hospital,Non-COVID-19,52
26,Orkney,Care Home,Non-COVID-19,2
26,Orkney,Home / Non-institution,Non-COVID-19,1
26,Orkney,Hospital,Non-COVID-19,1
26,Tayside,Care Home,COVID-19,1
26,Tayside,Home / Non-institution,COVID-19,1
26,Tayside,Hospital,COVID-19,2
26,Tayside,Care Home,Non-COVID-19,16
26,Tayside,Home / Non-institution,Non-COVID-19,25
26,Tayside,Hospital,Non-COVID-19,42
26,Tayside,Other institution,Non-COVID-19,2
26,Western Isles,Care Home,Non-COVID-19,2
26,Western Isles,Home / Non-institution,Non-COVID-19,5
26,Western Isles,Hospital,Non-COVID-19,1
27,Ayrshire and Arran,Care Home,Non-COVID-19,17
27,Ayrshire and Arran,Home / Non-institution,Non-COVID-19,22
27,Ayrshire and Arran,Hospital,Non-COVID-19,40
27,Borders,Care Home,COVID-19,1
27,Borders,Hospital,COVID-19,1
27,Borders,Care Home,Non-COVID-19,3
27,Borders,Home / Non-institution,Non-COVID-19,9
27,Borders,Hospital,Non-COVID-19,6
27,Borders,Other institution,Non-COVID-19,5
27,Dumfries and Galloway,Home / Non-institution,Non-COVID-19,20
27,Dumfries and Galloway,Hospital,Non-COVID-19,14
27,Fife,Hospital,COVID-19,1
27,Fife,Care Home,Non-COVID-19,12
27,Fife,Home / Non-institution,Non-COVID-19,17
27,Fife,Hospital,Non-COVID-19,28
27,Forth Valley,Care Home,Non-COVID-19,6
27,Forth Valley,Home / Non-institution,Non-COVID-19,14
27,Forth Valley,Hospital,Non-COVID-19,18
27,Grampian,Care Home,Non-COVID-19,15
27,Grampian,Home / Non-institution,Non-COVID-19,39
27,Grampian,Hospital,Non-COVID-19,38
27,Grampian,Other institution,Non-COVID-19,1
27,Greater Glasgow and Clyde,Care Home,COVID-19,1
27,Greater Glasgow and Clyde,Home / Non-institution,COVID-19,1
27,Greater Glasgow and Clyde,Hospital,COVID-19,2
27,Greater Glasgow and Clyde,Care Home,Non-COVID-19,43
27,Greater Glasgow and Clyde,Home / Non-institution,Non-COVID-19,56
27,Greater Glasgow and Clyde,Hospital,Non-COVID-19,64
27,Highland,Care Home,COVID-19,1
27,Highland,Care Home,Non-COVID-19,14
27,Highland,Home / Non-institution,Non-COVID-19,27
27,Highland,Hospital,Non-COVID-19,28
27,Lanarkshire,Hospital,COVID-19,2
27,Lanarkshire,Care Home,Non-COVID-19,21
27,Lanarkshire,Home / Non-institution,Non-COVID-19,25
27,Lanarkshire,Hospital,Non-COVID-19,47
27,Lanarkshire,Other institution,Non-COVID-19,1
27,Lothian,Care Home,COVID-19,1
27,Lothian,Hospital,COVID-19,2
27,Lothian,Care Home,Non-COVID-19,27
27,Lothian,Home / Non-institution,Non-COVID-19,45
27,Lothian,Hospital,Non-COVID-19,55
27,Orkney,Home / Non-institution,Non-COVID-19,1
27,Orkney,Hospital,Non-COVID-19,1
27,Shetland,Care Home,Non-COVID-19,2
27,Shetland,Home / Non-institution,Non-COVID-19,2
27,Shetland,Hospital,Non-COVID-19,4
27,Tayside,Care Home,COVID-19,1
27,Tayside,Care Home,Non-COVID-19,17
27,Tayside,Home / Non-institution,Non-COVID-19,26
27,Tayside,Hospital,Non-COVID-19,33
27,Tayside,Other institution,Non-COVID-19,2
27,Western Isles,Care Home,Non-COVID-19,1
27,Western Isles,Home / Non-institution,Non-COVID-19,1
28,Ayrshire and Arran,Care Home,Non-COVID-19,8
28,Ayrshire and Arran,Home / Non-institution,Non-COVID-19,17
28,Ayrshire and Arran,Hospital,Non-COVID-19,19
28,Borders,Care Home,Non-COVID-19,2
28,Borders,Home / Non-institution,Non-COVID-19,8
28,Borders,Hospital,Non-COVID-19,5
28,Borders,Other institution,Non-COVID-19,2
28,Dumfries and Galloway,Care Home,Non-COVID-19,1
28,Dumfries and Galloway,Home / Non-institution,Non-COVID-19,11
28,Dumfries and Galloway,Hospital,Non-COVID-19,10
28,Fife,Care Home,Non-COVID-19,9
28,Fife,Home / Non-institution,Non-COVID-19,10
28,Fife,Hospital,Non-COVID-19,11
28,Forth Valley,Care Home,Non-COVID-19,4
28,Forth Valley,Home / Non-institution,Non-COVID-19,6
28,Forth Valley,Hospital,Non-COVID-19,17
28,Grampian,Care Home,Non-COVID-19,8
28,Grampian,Home / Non-institution,Non-COVID-19,25
28,Grampian,Hospital,Non-COVID-19,19
28,Greater Glasgow and Clyde,Care Home,Non-COVID-19,20
28,Greater Glasgow and Clyde,Home / Non-institution,Non-COVID-19,26
28,Greater Glasgow and Clyde,Hospital,Non-COVID-19,29
28,Highland,Care Home,Non-COVID-19,11
28,Highland,Home / Non-institution,Non-COVID-19,7
28,Highland,Hospital,Non-COVID-19,5
28,Lanarkshire,Care Home,Non-COVID-19,14
28,Lanarkshire,Home / Non-institution,Non-COVID-19,17
28,Lanarkshire,Hospital,Non-COVID-19,27
28,Lothian,Care Home,COVID-19,2
28,Lothian,Hospital,COVID-19,1
28,Lothian,Care Home,Non-COVID-19,12
28,Lothian,Home / Non-institution,Non-COVID-19,16
28,Lothian,Hospital,Non-COVID-19,19
28,Orkney,Home / Non-institution,Non-COVID-19,2
28,Orkney,Hospital,Non-COVID-19,1
28,Shetland,Care Home,Non-COVID-19,1
28,Shetland,Home / Non-institution,Non-COVID-19,1
28,Shetland,Hospital,Non-COVID-19,1
28,Tayside,Care Home,COVID-19,1
28,Tayside,Care Home,Non-COVID-19,14
28,Tayside,Home / Non-institution,Non-COVID-19,13
28,Tayside,Hospital,Non-COVID-19,11
28,Western Isles,Home / Non-institution,Non-COVID-19,3
28,Western Isles,Hospital,Non-COVID-19,1
,,,,
© Crown Copyright 2020,,,,